PART_CODE,SAP Material name,Local Material Code,Unit,Discount Category,Dangerous goods,Order permission,Order type,Selling price,Suggested retail price,Warranty Parts Price,Single vehicle consumption,SAP Material No.,SAP Material Name,Manual code,Customs code,Vehicle series,Scope of services,Minimum packing quantity,Volume,Region,Whether it is Auxiliary material,Whether it is Included in the ordering target of spare parts and supplies,Whether the allowance for spare parts is included,Whether it is Maintenance part,Whether there is a commission,Model description,Whether there is allowance for sheet metal spraying,Covering parts for sheet metal spraying or not,Spare parts category,Spare parts type,Code of replace,Post-Package weight,Packaging specifications,Whether to trace,Whether it is In short supply,Whether retail,Expediting coefficient,Whether it is A Self-made part,Whether it is Included in turnover assessment,Remarks,Planner,Whether it is The first maintenance,Pre-approval or not,Maximum number of orders,Classification of accessories,Accessories type,Minimum number of applications,Scheduled days,Department,Production cycle,Highest inventory,Arrival warning,Minimum purchase quantity,Special for after-sales,The sales store cannot order,Whether the repair paint is certified by the original manufacturer,Special for new energy,Online sales price,Employee price,Department price,Marketing script,Product description,Warehouse area,Pictures,Type of claim,length width height,Warranty period,Coefficient of sheet metal and spray parts,Whether it is Publicized,Material abbreviation,Whether the motor number is filled in,Is it oil,Oil type,Capacity (l),Planner Email,Small Amount Order Pricing Ratio,Whether the material is authorised,Country of origin,NOM Certification,Creation date
BP001,Battery Pack,LOC-1703,PCS,B,N,Allowed,Urgent,437.83,481.61,394.05,5.0,MAT-761094,Battery Pack,MAN-2542,CUS-683707,SUV,Partial,2.0,8.76,Europe,N,Y,N,N,Y,Model-7805,N,N,Category C,Type 2,REP-6821,17.74,93x71x76,N,Y,Y,0.77,N,N,Exercitationem voluptas hic nam porro fuga corporis.,Stella Pimenta,N,N,83.0,Class B,Type A,6.0,12.0,Dept B,68.0,155.0,N,10.0,Y,Y,Y,N,396.73,439.66,367.39,At eum asperiores laborum sint temporibus eos. Qui animi provident voluptatem nesciunt explicabo adipisci. Quis cupiditate architecto quia.,Dolore distinctio rem iusto animi vitae quibusdam. Inventore soluta facere unde inventore in cum. Quam magni optio pariatur deleniti.,Area 2,https://placekitten.com/893/55,Type C,13x44x20,21.0,1.4,N,MAT-3995,Y,Y,Type 1,8.33,leaojoao-gabriel@example.com,1.98,Y,Sweden,N,2024-01-06
EM002,Electric Motor,LOC-1348,SET,C,Y,Restricted,Standard,357.13,392.84,321.42,5.0,MAT-392945,Electric Motor,MAN-3928,CUS-141487,Sedan,Partial,10.0,2.11,North America,N,N,Y,N,N,Model-9212,Y,Y,Category A,Type 2,REP-8427,1.67,80x47x60,Y,N,Y,0.55,Y,Y,Facere a debitis non recusandae in. Provident nesciunt neque. Quisquam repellat illum modi libero.,Milena Rios,N,Y,18.0,Class C,Type B,10.0,4.0,Dept C,34.0,237.0,Y,6.0,N,Y,Y,N,272.64,389.51,249.62,Voluptas vero quo minus nobis beatae cumque. Quod atque dolorem quam expedita molestiae veniam commodi. Facilis placeat atque unde.,"Error vitae praesentium inventore unde. Explicabo reprehenderit aperiam rerum reprehenderit unde asperiores.
Tempore iusto est aperiam eveniet.",Area 3,https://placekitten.com/847/991,Type B,97x43x34,37.0,0.29,Y,MAT-1706,N,N,Type 2,14.81,camargoarthur-gabriel@example.org,0.65,Y,Sweden,N,2024-04-04
IN003,Inverter,LOC-7361,SET,C,N,Restricted,Standard,266.19,292.81,239.57,4.0,MAT-995388,Inverter,MAN-7673,CUS-630385,Sedan,Full,1.0,2.68,Asia,N,N,Y,N,Y,Model-3343,N,Y,Category C,Type 2,REP-8941,6.28,32x70x18,N,N,Y,0.97,N,N,"Ipsum deserunt sint deleniti.
Asperiores recusandae laudantium. Amet dolores perspiciatis.",Pietra Peixoto,N,N,94.0,Class B,Type C,1.0,1.0,Dept A,83.0,202.0,N,5.0,Y,N,Y,Y,357.4,409.68,483.61,"Necessitatibus fugit ullam molestias tempora laboriosam quo. Rem quam quibusdam qui beatae vel facere.
Culpa culpa labore quisquam. Nulla nobis minima natus occaecati odio.",Illum numquam ut cumque asperiores. Sunt vel quibusdam quibusdam at amet voluptatum enim. Minima sit perferendis occaecati vero consequuntur.,Area 1,https://placekitten.com/611/360,Type A,75x92x10,45.0,1.32,Y,MAT-3791,N,N,Type 1,19.18,otavio47@example.net,1.19,Y,China,Y,2024-02-25
CP004,Charging Port,LOC-8223,EA,C,N,Allowed,Urgent,131.81,144.99,118.63,1.0,MAT-669418,Charging Port,MAN-9461,CUS-900268,SUV,Full,1.0,8.98,Asia,N,Y,N,Y,Y,Model-7149,N,N,Category C,Type 2,REP-8564,7.19,69x32x99,Y,N,Y,1.64,Y,N,Omnis ea ex praesentium mollitia accusamus.,Arthur Miguel Santos,N,Y,38.0,Class B,Type B,10.0,4.0,Dept B,66.0,91.0,N,1.0,N,Y,Y,N,251.88,396.16,307.73,Quod laudantium dolorum dolor maiores molestias. Illum ex suscipit et. Ad error excepturi. Debitis ipsa quaerat nihil maiores perferendis vel.,"Neque vel molestiae dolorum. Asperiores dolores consequuntur dolorum ex harum ex exercitationem. Minima enim beatae reprehenderit aperiam impedit vero.
At ex repellat placeat mollitia possimus ad.",Area 1,https://placekitten.com/1022/888,Type A,83x56x95,30.0,1.47,Y,MAT-5866,N,N,Type 3,13.03,wcavalcanti@example.com,1.86,Y,China,N,2024-05-28
DC005,DC-DC Converter,LOC-7733,PCS,A,Y,Restricted,Standard,395.62,435.18,356.06,2.0,MAT-457851,DC-DC Converter,MAN-3585,CUS-825881,SUV,Partial,10.0,5.22,North America,N,N,Y,N,N,Model-6780,N,Y,Category A,Type 1,REP-4103,13.01,14x97x98,Y,N,Y,0.25,N,N,Accusantium sequi architecto at in. Rem vitae earum quae nisi qui.,Augusto Costela,N,N,72.0,Class C,Type B,6.0,9.0,Dept B,2.0,294.0,Y,3.0,N,Y,Y,Y,388.25,158.99,463.27,Nostrum omnis pariatur quam illo eaque quasi. Assumenda natus dolore eligendi iure. Laudantium sunt nesciunt atque saepe quos pariatur.,"Inventore necessitatibus temporibus tempora officiis. Nobis sequi voluptatibus neque.
Maiores nisi nostrum ducimus architecto nihil illo. Praesentium minima dolores eum magnam.",Area 3,https://placekitten.com/3/63,Type C,63x54x67,26.0,0.39,Y,MAT-2778,Y,Y,Type 3,7.38,abreubento@example.net,0.23,N,China,Y,2024-05-17
BMS006,Battery Management System (BMS),LOC-1328,EA,B,N,Restricted,Urgent,452.89,498.18,407.6,2.0,MAT-506192,Battery Management System (BMS),MAN-2681,CUS-571487,Sedan,Full,2.0,1.04,Asia,Y,Y,Y,N,Y,Model-6665,Y,Y,Category A,Type 2,REP-2219,10.08,40x93x61,Y,N,N,1.5,N,Y,Est corrupti aspernatur culpa. Adipisci quod veritatis unde quas. Distinctio accusamus quod.,Larissa Lima,Y,Y,79.0,Class A,Type B,6.0,28.0,Dept C,45.0,485.0,N,3.0,Y,N,N,Y,59.52,60.72,402.79,Nesciunt vitae at quasi voluptatum hic sequi accusamus. Iusto quam error maiores libero. Vel est suscipit autem corrupti consequuntur architecto facilis.,Libero ipsam repellat quis explicabo dolorem ducimus. Aliquid ducimus fugit enim. Pariatur sapiente veritatis quia eum minima.,Area 3,https://placekitten.com/367/189,Type B,43x90x85,21.0,1.85,N,MAT-6823,Y,Y,Type 1,12.5,ydas-neves@example.com,1.59,Y,Sweden,Y,2024-01-28
PEC007,Power Electronics Controller,LOC-5050,EA,C,N,Allowed,Standard,267.51,294.26,240.76,1.0,MAT-453362,Power Electronics Controller,MAN-1930,CUS-393317,SUV,Partial,5.0,5.83,North America,N,Y,N,N,Y,Model-8094,Y,Y,Category B,Type 1,REP-5627,2.36,25x38x41,N,N,Y,0.36,Y,Y,Blanditiis eius beatae.,Enzo Gabriel Guerra,Y,Y,92.0,Class A,Type A,2.0,13.0,Dept B,36.0,258.0,Y,2.0,N,Y,Y,Y,188.42,339.83,359.27,Similique maxime ipsam rerum quibusdam id magni. Voluptatum quod id occaecati ipsum excepturi eos.,Quo dolore quibusdam facere aut corrupti dolor. Qui sit doloremque aliquam aliquid at labore rem.,Area 1,https://placekitten.com/425/14,Type B,58x37x30,45.0,0.29,N,MAT-8403,N,N,Type 3,5.29,sfogaca@example.org,1.11,Y,Sweden,N,2024-01-08
TMS008,Thermal Management System,LOC-3361,EA,B,N,Allowed,Urgent,428.87,471.76,385.98,1.0,MAT-607370,Thermal Management System,MAN-2039,CUS-557056,Sedan,Full,2.0,3.21,Asia,Y,Y,Y,N,N,Model-8050,N,Y,Category A,Type 2,REP-3647,9.91,23x51x44,N,Y,Y,0.5,N,Y,Id nihil sed cum ipsa molestias in quia.,Sr. Davi Lucca Machado,N,N,61.0,Class A,Type A,6.0,26.0,Dept B,66.0,364.0,Y,3.0,Y,N,N,Y,446.78,100.57,190.57,Qui eaque dolore. Quam quo ratione temporibus odit iusto. Officiis iure labore aliquam voluptates sequi quam.,Eligendi quidem laborum architecto consequatur aliquid inventore. Corporis quis quasi laudantium ex quasi.,Area 3,https://picsum.photos/947/808,Type A,96x67x79,24.0,1.99,N,MAT-2495,N,N,Type 1,7.81,gustavo-henriquemontenegro@example.com,1.2,N,Germany,N,2024-06-14
RBS009,Regenerative Braking System,LOC-9026,EA,B,N,Allowed,Standard,248.54,273.39,223.69,1.0,MAT-336667,Regenerative Braking System,MAN-9173,CUS-919915,SUV,Full,3.0,8.63,Europe,Y,N,N,Y,N,Model-1729,Y,Y,Category A,Type 2,REP-8247,4.75,73x16x46,Y,N,Y,0.29,Y,N,Tempora eligendi laboriosam. Deleniti cumque dolorum optio quisquam tenetur.,Sofia Aparecida,N,Y,29.0,Class B,Type B,4.0,8.0,Dept B,11.0,348.0,N,8.0,Y,Y,Y,Y,168.89,10.23,34.83,"Maxime quos voluptates molestias in enim. Aliquid nemo assumenda earum eaque maiores tempora.
Alias dolorem architecto provident dolore illum. Culpa est natus omnis fugiat facilis nulla.","Quaerat minus ducimus amet corporis quod ea. Laborum reiciendis sit ex nulla. Hic suscipit reprehenderit dolore iure iusto placeat.
Suscipit suscipit tenetur. Ut maiores dolorum aliquam ipsam.",Area 1,https://picsum.photos/837/58,Type C,84x51x64,47.0,1.24,Y,MAT-1992,Y,Y,Type 2,11.95,natalia40@example.org,0.15,N,China,Y,2024-04-07
OC010,Onboard Charger,LOC-1082,SET,B,Y,Allowed,Urgent,440.98,485.08,396.88,5.0,MAT-540944,Onboard Charger,MAN-4232,CUS-932015,Sedan,Partial,1.0,2.69,Europe,Y,N,Y,N,N,Model-8409,Y,N,Category B,Type 3,REP-4976,0.53,63x50x92,N,Y,Y,1.59,Y,Y,Ipsum ab quos. Incidunt doloribus iure aspernatur adipisci. Voluptatum alias veniam cumque.,Maria Fernanda Alves,N,N,90.0,Class C,Type B,1.0,11.0,Dept C,89.0,56.0,Y,7.0,N,Y,Y,Y,316.01,144.87,116.47,Asperiores labore unde eaque quis eaque. Sunt veritatis doloremque rerum facilis. Aspernatur blanditiis ea exercitationem sequi repellendus fugiat.,Incidunt aperiam eius laboriosam. Occaecati consequatur ex debitis nam nemo. Voluptatum nobis nobis eveniet.,Area 1,https://placekitten.com/141/133,Type A,92x38x80,10.0,1.78,Y,MAT-4389,N,N,Type 2,3.75,rocharyan@example.net,1.36,N,Germany,N,2024-01-20
HVC011,High Voltage Cables,LOC-7092,PCS,B,N,Restricted,Standard,30.6,33.66,27.54,2.0,MAT-786961,High Voltage Cables,MAN-2802,CUS-392703,EV,Full,10.0,3.79,Europe,Y,Y,N,N,Y,Model-3749,Y,Y,Category A,Type 3,REP-5919,13.68,36x17x80,N,Y,N,0.66,N,N,Quos quos blanditiis doloribus rerum enim. Deleniti voluptate inventore repellat accusamus officia.,Augusto da Cunha,Y,N,31.0,Class A,Type C,2.0,20.0,Dept B,90.0,145.0,N,6.0,N,Y,N,Y,218.3,133.81,367.69,Facere maxime perspiciatis quas. A fugiat provident sit molestias consequuntur dicta blanditiis. Nihil consequatur sequi fugiat sed impedit ea. Veniam tempore nobis ipsa praesentium mollitia.,Accusantium in sit iste ducimus ea nesciunt. Quos necessitatibus quisquam consequuntur a cupiditate earum possimus. Quam temporibus corporis nemo.,Area 3,https://dummyimage.com/34x899,Type C,56x31x44,55.0,0.6,N,MAT-3571,N,Y,Type 2,9.92,pribeiro@example.org,1.29,Y,Sweden,Y,2024-01-03
EDU012,Electric Drive Unit,LOC-2835,PCS,A,Y,Allowed,Urgent,119.15,131.07,107.24,5.0,MAT-336623,Electric Drive Unit,MAN-3407,CUS-648916,EV,Full,7.0,5.86,Asia,Y,N,Y,Y,Y,Model-5694,Y,N,Category A,Type 3,REP-8864,0.95,62x35x45,N,N,Y,0.27,Y,N,Aliquid ea mollitia. Veritatis odio recusandae mollitia quaerat quaerat alias.,Luiz Miguel Marques,N,Y,64.0,Class C,Type A,8.0,12.0,Dept A,89.0,354.0,N,2.0,N,Y,Y,N,492.39,405.91,22.87,Corporis eius dolorum odit dolor. Alias harum possimus sint deserunt ipsa quod. Ex aspernatur praesentium repellat officia dolorum. Autem laborum ipsam officiis dolor debitis doloribus quod.,"Dolores voluptatum iste tempora culpa.
Eligendi vero cumque.",Area 1,https://picsum.photos/341/731,Type B,95x25x95,6.0,1.95,Y,MAT-7600,Y,N,Type 3,12.6,da-conceicaosofia@example.com,0.68,N,China,N,2024-07-04
RG013,Reduction Gear,LOC-7975,EA,B,Y,Allowed,Urgent,21.32,23.45,19.19,1.0,MAT-850967,Reduction Gear,MAN-6129,CUS-616391,SUV,Full,9.0,3.38,Europe,N,Y,N,Y,Y,Model-1498,N,Y,Category B,Type 2,REP-4576,4.23,14x20x58,Y,N,N,1.86,Y,Y,Quis sapiente officia quo facilis. Mollitia dolore est similique quod aperiam.,Dra. Alana Caldeira,Y,Y,82.0,Class A,Type A,4.0,8.0,Dept A,58.0,357.0,Y,10.0,N,N,Y,N,313.57,453.79,224.47,"Amet odit illo a sit labore. Non culpa suscipit nihil doloribus hic provident.
Reprehenderit omnis animi in. Itaque voluptates incidunt velit velit.","Voluptatum tempora debitis fugit. Quisquam dolorem atque autem vero illo. Minus in architecto corporis.
Minima placeat exercitationem accusantium explicabo. Inventore officiis ab ipsa et.",Area 2,https://dummyimage.com/658x369,Type B,71x11x48,2.0,0.36,Y,MAT-1322,Y,Y,Type 1,17.95,mariaabreu@example.com,1.25,N,Sweden,Y,2024-01-12
HP014,Heat Pump,LOC-5853,EA,C,Y,Allowed,Standard,209.53,230.48,188.58,5.0,MAT-153610,Heat Pump,MAN-8348,CUS-786027,EV,Full,8.0,3.3,Europe,Y,Y,N,Y,Y,Model-7898,N,N,Category A,Type 3,REP-1443,12.87,37x67x25,N,N,N,1.39,Y,N,Tenetur accusamus veniam deleniti distinctio modi distinctio. Maiores labore quam.,Antonella Machado,Y,N,10.0,Class B,Type A,10.0,2.0,Dept B,75.0,42.0,N,8.0,Y,N,N,N,254.45,196.62,117.09,Incidunt eveniet excepturi fugiat corporis temporibus fugit. Ex corporis non ab. Similique veniam reprehenderit magnam officiis. Unde voluptates vitae.,Quae quia neque vitae dicta similique laboriosam. Voluptatibus harum magni aspernatur aut placeat. Aperiam vitae perspiciatis quod blanditiis.,Area 1,https://picsum.photos/415/387,Type C,50x81x48,25.0,0.6,N,MAT-4948,N,N,Type 2,12.01,nathan19@example.org,1.91,N,China,N,2024-03-22
EAC015,Electric Air Conditioning Compressor,LOC-1886,EA,B,N,Restricted,Urgent,237.5,261.25,213.75,3.0,MAT-838610,Electric Air Conditioning Compressor,MAN-3344,CUS-652808,SUV,Full,8.0,7.44,North America,Y,N,N,Y,Y,Model-5012,Y,N,Category A,Type 3,REP-1047,7.01,66x30x47,Y,Y,N,1.2,Y,N,Vero similique tenetur blanditiis dolorem dicta.,Bella Ribeiro,N,Y,3.0,Class C,Type B,5.0,6.0,Dept B,26.0,78.0,Y,7.0,Y,Y,N,Y,269.26,112.21,393.05,Voluptas saepe odit nostrum. Omnis distinctio esse molestias perferendis. Similique veritatis laudantium deserunt.,"Harum quisquam voluptas delectus quibusdam eveniet. Aut sit error excepturi itaque.
Aliquid itaque porro possimus. Explicabo consectetur modi. Alias et occaecati sapiente.",Area 3,https://picsum.photos/9/323,Type A,26x18x78,38.0,0.26,N,MAT-4471,N,N,Type 3,9.52,murilo42@example.com,1.72,N,Germany,Y,2024-05-20
EWP016,Electric Water Pump,LOC-8950,EA,A,Y,Allowed,Standard,102.94,113.23,92.65,3.0,MAT-180042,Electric Water Pump,MAN-1248,CUS-725527,Sedan,Partial,5.0,7.58,Asia,N,Y,N,N,N,Model-3845,N,N,Category A,Type 1,REP-5381,6.35,97x94x74,N,N,N,0.94,N,Y,Minus ratione corrupti necessitatibus natus libero aut. Consectetur voluptatum eum odio voluptates.,Dra. Maitê Silveira,Y,Y,98.0,Class B,Type C,5.0,12.0,Dept A,17.0,56.0,Y,2.0,N,Y,Y,N,404.33,105.8,209.89,Vel dolorem mollitia possimus. Nemo quis nobis nam sed quisquam. Praesentium esse dignissimos.,Voluptate dolorem officia maiores labore. Asperiores repudiandae laudantium minus distinctio ab. Ipsam porro debitis quidem.,Area 1,https://placekitten.com/10/41,Type B,41x17x26,28.0,0.7,N,MAT-2728,Y,N,Type 3,3.95,pvasconcelos@example.net,1.69,Y,Germany,Y,2024-05-15
BP017,Brake Pads,LOC-4253,EA,C,N,Restricted,Urgent,353.38,388.72,318.04,3.0,MAT-292172,Brake Pads,MAN-7651,CUS-177469,Sedan,Full,9.0,8.89,North America,Y,Y,Y,Y,Y,Model-3868,Y,N,Category C,Type 2,REP-6519,8.78,22x81x68,Y,Y,Y,0.61,Y,N,Omnis eos eligendi voluptates ex quia dicta. Quidem quos minus autem.,Gabriela da Conceição,Y,N,36.0,Class C,Type C,7.0,17.0,Dept B,48.0,161.0,Y,9.0,Y,N,Y,N,297.49,486.24,424.94,Quaerat facere dicta inventore unde tempora. Odio adipisci hic voluptates.,Laborum magnam sit dolore nisi et unde provident. Eos magnam a dolor minima inventore excepturi. Nesciunt quae facilis eum necessitatibus beatae natus.,Area 3,https://placekitten.com/547/47,Type C,45x18x94,9.0,1.2,Y,MAT-8812,N,Y,Type 3,17.54,milenanovais@example.com,1.2,N,Germany,N,2024-03-04
BD018,Brake Discs,LOC-8134,EA,C,N,Restricted,Urgent,263.42,289.76,237.08,2.0,MAT-764901,Brake Discs,MAN-8622,CUS-966668,EV,Full,9.0,1.49,North America,N,N,N,Y,Y,Model-7542,N,N,Category A,Type 3,REP-1295,10.01,39x12x68,N,N,N,1.78,Y,N,Enim odio ullam. Nemo reprehenderit totam amet consectetur.,Júlia Farias,Y,N,47.0,Class B,Type C,10.0,27.0,Dept A,12.0,181.0,N,10.0,N,N,N,N,426.59,71.28,478.04,Cum perferendis eos. Saepe nulla mollitia eos provident voluptate quibusdam laudantium. Harum dolore corrupti.,Veritatis aliquam hic itaque in. Ipsam quia dicta nihil eum incidunt culpa.,Area 1,https://placekitten.com/356/756,Type A,14x65x17,33.0,2.0,N,MAT-9213,Y,N,Type 1,14.09,eborges@example.com,1.28,Y,Sweden,N,2024-06-08
TI019,Tires,LOC-1994,EA,B,N,Restricted,Urgent,179.25,197.18,161.33,2.0,MAT-529212,Tires,MAN-8703,CUS-366157,EV,Partial,2.0,3.67,Asia,N,Y,Y,N,Y,Model-5435,N,N,Category C,Type 3,REP-7455,15.86,72x50x23,Y,N,Y,1.78,Y,N,Fugit omnis et molestias voluptates veniam sit eius.,Maria Isis Aragão,Y,N,95.0,Class A,Type B,9.0,2.0,Dept A,72.0,304.0,N,1.0,Y,Y,N,Y,471.11,471.45,287.18,Ipsam reprehenderit eius quasi neque. Suscipit error porro error. Cum aliquid eum ducimus rem et.,"Adipisci earum dolore quae repellat veritatis commodi. Quae fugiat natus pariatur repellat.
Quo in neque deserunt dolore enim. Ipsam repellendus reprehenderit a dolorem unde tenetur ea.",Area 3,https://dummyimage.com/345x377,Type A,16x22x16,44.0,0.58,N,MAT-1453,N,Y,Type 1,6.52,usantos@example.com,1.56,Y,China,N,2024-06-20
WB020,Wheel Bearings,LOC-7945,SET,C,N,Restricted,Standard,193.63,212.99,174.27,3.0,MAT-268424,Wheel Bearings,MAN-4145,CUS-508680,Sedan,Partial,6.0,7.83,Asia,N,Y,Y,Y,Y,Model-2819,Y,Y,Category A,Type 3,REP-3643,9.09,47x19x29,Y,Y,Y,1.31,N,Y,Unde voluptatum dicta cumque possimus. Officiis voluptate non minima placeat accusantium.,Joana Freitas,Y,Y,9.0,Class A,Type C,9.0,7.0,Dept A,89.0,37.0,N,5.0,N,Y,N,N,475.91,267.71,437.73,At quidem velit doloremque sequi. Cupiditate et nihil labore vero accusantium itaque.,Occaecati iure iure perferendis. Doloribus impedit error laborum eos similique maxime. Laborum officiis error nobis debitis in nam non. Eos dolores laborum earum pariatur amet deserunt.,Area 2,https://picsum.photos/986/742,Type C,62x53x65,56.0,1.2,N,MAT-7199,N,N,Type 2,14.26,joao-felipe14@example.org,0.49,N,China,N,2024-04-14
WS021,Windshield,LOC-3325,EA,A,Y,Restricted,Urgent,199.84,219.82,179.86,3.0,MAT-824703,Windshield,MAN-5005,CUS-558352,Sedan,Partial,1.0,6.47,Asia,Y,Y,Y,Y,N,Model-4213,N,N,Category A,Type 2,REP-3644,14.75,98x76x74,Y,Y,N,0.6,N,N,Accusamus fugit cupiditate dolore aliquam minus quas. Esse inventore amet maiores.,Jade Campos,Y,Y,81.0,Class C,Type B,6.0,5.0,Dept C,67.0,391.0,Y,10.0,N,N,N,N,149.41,363.77,111.08,Consequatur nemo voluptas quia adipisci consequuntur similique. Similique sed nam maiores excepturi. Rerum adipisci consequatur excepturi quidem autem esse.,Sapiente molestias deleniti incidunt in vero cupiditate. Sed facere cupiditate ipsam voluptatem nostrum.,Area 3,https://dummyimage.com/965x624,Type C,74x67x81,35.0,1.04,N,MAT-8438,Y,Y,Type 3,16.09,fbrito@example.net,1.04,N,Germany,N,2024-06-17
MI022,Mirrors,LOC-2089,SET,A,Y,Restricted,Standard,360.81,396.89,324.73,5.0,MAT-891139,Mirrors,MAN-3433,CUS-212461,EV,Partial,8.0,2.62,North America,N,Y,Y,Y,N,Model-9531,Y,N,Category B,Type 3,REP-9356,10.38,78x22x60,N,Y,N,0.49,N,Y,Porro hic ipsam aliquid eveniet facilis laborum ducimus. Laudantium minus nisi repudiandae itaque.,Catarina Câmara,N,Y,24.0,Class C,Type B,6.0,9.0,Dept B,47.0,21.0,Y,5.0,N,N,Y,N,296.37,87.47,484.31,Eaque quisquam doloremque at repellat iure exercitationem. Aliquid voluptates ratione unde nisi.,"Facilis ab eos. Unde autem cupiditate corrupti quam praesentium.
Cum voluptatem necessitatibus eius eligendi quam suscipit. Fuga voluptates eum eum quasi. Minus ad eos placeat fugit doloribus.",Area 2,https://placekitten.com/2/443,Type C,33x88x80,3.0,0.54,Y,MAT-3555,N,N,Type 3,9.14,leonardo48@example.net,0.77,N,China,Y,2024-07-17
HL023,Headlights,LOC-3572,EA,C,Y,Restricted,Standard,306.35,336.99,275.72,3.0,MAT-799934,Headlights,MAN-8935,CUS-158898,EV,Full,8.0,5.17,North America,Y,Y,Y,Y,Y,Model-8724,N,N,Category C,Type 3,REP-4716,0.9,82x77x75,N,N,Y,1.28,Y,Y,Aut saepe corporis non magnam tenetur. Facere voluptate quos provident.,Maria Luísa da Conceição,Y,N,6.0,Class B,Type A,9.0,22.0,Dept C,69.0,203.0,N,10.0,Y,N,N,Y,405.82,349.73,323.09,"Modi natus odit nostrum.
Totam enim sequi eveniet.
Animi alias necessitatibus corporis. Harum placeat impedit ratione. Reprehenderit at laborum cum similique.",Molestiae provident laborum totam excepturi omnis est. Minima ipsam eaque perferendis praesentium fuga. Error nemo optio ipsa facere commodi.,Area 1,https://picsum.photos/840/318,Type C,90x69x57,16.0,0.75,N,MAT-9684,N,N,Type 2,19.62,theodoro12@example.net,1.52,N,Germany,Y,2024-02-20
TL024,Taillights,LOC-6178,SET,B,N,Restricted,Urgent,26.39,29.03,23.75,1.0,MAT-925592,Taillights,MAN-9235,CUS-521373,EV,Full,10.0,9.24,Europe,N,N,Y,Y,N,Model-3730,Y,Y,Category C,Type 1,REP-1900,7.51,15x42x93,N,N,N,1.55,Y,N,Ipsum dolores eos adipisci. Optio necessitatibus tempora minima numquam aliquam eum ullam.,Dr. Samuel Pires,N,Y,20.0,Class C,Type C,3.0,18.0,Dept B,4.0,432.0,N,3.0,N,N,Y,N,202.61,121.3,40.83,At explicabo ipsum labore voluptatum porro amet. Voluptas id modi a expedita praesentium minima. Aut voluptatum maiores saepe unde autem tempore.,"Ut iusto sed blanditiis consequatur. Similique debitis sed ipsum.
Voluptates doloremque occaecati. Doloribus numquam illo fuga maiores rerum.",Area 1,https://placekitten.com/225/595,Type B,59x85x21,57.0,0.11,Y,MAT-8438,N,N,Type 3,8.76,rezendefernando@example.com,0.37,Y,China,Y,2024-02-22
WB025,Wiper Blades,LOC-4075,PCS,C,Y,Allowed,Standard,275.28,302.81,247.75,4.0,MAT-676724,Wiper Blades,MAN-1276,CUS-703417,EV,Partial,3.0,7.22,Europe,N,Y,N,N,N,Model-7802,Y,N,Category B,Type 2,REP-1253,15.28,66x77x49,Y,N,N,1.56,Y,Y,Optio expedita doloremque cumque. Quis doloribus beatae soluta quaerat rem.,Agatha da Rosa,N,Y,23.0,Class A,Type C,9.0,7.0,Dept A,6.0,146.0,N,6.0,Y,Y,N,N,409.65,217.49,166.68,"Rem neque et earum provident error asperiores consequatur.
Expedita excepturi architecto iusto similique reiciendis. Illum incidunt asperiores modi.","Culpa illo ipsa quas. Error fugit atque velit distinctio saepe.
Illo autem voluptatum. Deserunt tenetur veritatis molestias recusandae deserunt. Error iste quo fuga. Deserunt voluptates sapiente.",Area 2,https://picsum.photos/524/212,Type A,19x59x86,39.0,0.37,Y,MAT-8659,Y,Y,Type 2,5.58,piresisabelly@example.org,1.6,Y,Germany,Y,2024-06-16
SC026,"Suspension Components (Shocks, Struts)",LOC-4827,EA,B,Y,Restricted,Urgent,336.82,370.5,303.14,2.0,MAT-807950,"Suspension Components (Shocks, Struts)",MAN-4372,CUS-518742,SUV,Partial,10.0,8.34,Europe,N,N,N,Y,N,Model-6576,N,Y,Category A,Type 1,REP-5314,5.98,79x14x25,N,Y,N,1.35,Y,Y,Totam sed eos fuga quibusdam ab. Architecto blanditiis culpa officia sequi tenetur.,Dr. Lorenzo Vieira,N,N,70.0,Class B,Type A,2.0,5.0,Dept B,26.0,93.0,Y,6.0,N,Y,Y,Y,465.66,43.42,322.99,"Vitae eaque tempore. Dolorem eos rerum occaecati dolorem repellat sit. Quam tenetur doloribus adipisci.
Eius perspiciatis ipsam architecto. Ipsum necessitatibus consectetur distinctio.","Eum praesentium odio sint. Quisquam debitis accusantium illo. Vero non at eum architecto officia quasi.
Nesciunt perspiciatis amet debitis. Beatae optio voluptatibus ab magnam rerum ab.",Area 3,https://picsum.photos/606/466,Type C,65x79x50,45.0,0.17,Y,MAT-1476,N,N,Type 1,4.04,nathan89@example.com,0.25,Y,Germany,Y,2024-07-13
CA027,Control Arms,LOC-3607,SET,B,Y,Restricted,Standard,205.72,226.29,185.15,5.0,MAT-103209,Control Arms,MAN-8053,CUS-318069,SUV,Partial,1.0,5.79,North America,Y,Y,N,N,Y,Model-3457,Y,Y,Category A,Type 3,REP-1037,0.51,22x66x60,N,Y,N,0.36,Y,N,Quo voluptatem optio perferendis minus dignissimos blanditiis. Molestias ipsum ducimus ratione.,Amanda Fonseca,N,N,94.0,Class C,Type C,7.0,7.0,Dept A,54.0,101.0,N,1.0,Y,N,N,Y,122.51,370.39,347.84,Beatae alias tenetur praesentium a animi iste. Provident eius quod tempora inventore dolor in.,"Quaerat incidunt illo veritatis officia dolores sit. Blanditiis assumenda rerum. Ducimus maiores nobis quod non.
Dolorum tempore facilis alias tempora. Corporis et tempora dignissimos doloremque.",Area 3,https://picsum.photos/977/360,Type A,18x29x92,18.0,0.68,Y,MAT-7409,Y,N,Type 2,13.51,agathapimenta@example.org,0.83,N,Germany,Y,2024-03-02
TRE028,Tie Rod Ends,LOC-1476,EA,A,Y,Allowed,Standard,374.29,411.72,336.86,5.0,MAT-394023,Tie Rod Ends,MAN-2504,CUS-654383,Sedan,Partial,5.0,1.88,Europe,Y,N,N,Y,Y,Model-7400,N,Y,Category C,Type 1,REP-1085,14.36,21x22x67,Y,Y,N,1.46,Y,Y,Doloribus soluta ratione explicabo inventore rerum. Animi minima nulla natus.,Luigi Câmara,N,N,60.0,Class B,Type A,8.0,2.0,Dept B,9.0,216.0,N,2.0,N,N,Y,N,130.41,397.3,185.1,Sint porro pariatur placeat nemo ipsum corrupti. Modi veniam explicabo illo consectetur labore reiciendis. Natus voluptas omnis sint quidem ipsa.,Minima mollitia esse repudiandae deleniti molestiae. Atque exercitationem doloremque sunt reiciendis. Enim rem totam velit voluptatum aut mollitia aspernatur.,Area 1,https://picsum.photos/940/913,Type B,100x81x69,40.0,1.07,Y,MAT-9916,Y,Y,Type 2,4.2,beniciocassiano@example.net,1.72,N,Sweden,Y,2024-07-01
CVJ029,CV Joints,LOC-1652,EA,A,Y,Restricted,Urgent,491.22,540.34,442.1,4.0,MAT-402089,CV Joints,MAN-1083,CUS-376479,EV,Full,4.0,1.59,Asia,Y,Y,N,N,Y,Model-8318,Y,Y,Category C,Type 1,REP-3506,2.07,18x90x73,Y,Y,Y,0.14,Y,Y,Quis molestias magnam excepturi nobis pariatur. Nihil ex dolorum asperiores sit dignissimos.,Pietro Silveira,Y,N,2.0,Class A,Type C,5.0,30.0,Dept B,85.0,229.0,Y,4.0,Y,N,Y,N,62.0,247.29,446.77,"Repellat aliquam quas aliquam quisquam expedita. Consequatur eos qui quaerat accusantium possimus.
Laboriosam ad similique iure doloribus error labore fuga. Minus quas nostrum ex.",Recusandae minima id perspiciatis distinctio numquam nesciunt. Vel placeat accusamus beatae alias. Ipsam ducimus tempora fugit quo.,Area 2,https://picsum.photos/361/718,Type A,37x60x32,54.0,1.79,Y,MAT-6905,N,Y,Type 1,12.52,vmachado@example.com,1.27,Y,Sweden,Y,2024-07-01
AX030,Axles,LOC-2796,SET,B,Y,Allowed,Urgent,116.98,128.68,105.28,1.0,MAT-198611,Axles,MAN-1414,CUS-137741,SUV,Partial,3.0,2.19,North America,N,Y,N,N,Y,Model-2952,Y,Y,Category B,Type 1,REP-9330,9.24,83x94x64,N,Y,N,1.92,N,Y,Aliquam repellat vero. Maxime ipsam culpa eveniet exercitationem reiciendis.,Gustavo Nascimento,Y,N,94.0,Class C,Type A,2.0,21.0,Dept C,31.0,122.0,Y,5.0,Y,Y,N,N,44.23,159.39,313.94,"Ducimus eaque blanditiis. At similique illo vitae molestiae.
Quam labore itaque nam architecto. Ex iure autem quaerat doloremque explicabo quibusdam.",Ipsa excepturi distinctio ipsum necessitatibus dolores. Nihil nisi nisi similique voluptatem odio. Cumque numquam enim qui ex quidem hic.,Area 2,https://dummyimage.com/557x986,Type B,31x59x65,5.0,1.05,Y,MAT-7418,N,Y,Type 1,3.3,ferreiraasafe@example.org,0.6,Y,China,Y,2024-02-09
CL031,Coolant (for thermal management),LOC-8196,EA,C,Y,Restricted,Urgent,136.13,149.74,122.52,5.0,MAT-339206,Coolant (for thermal management),MAN-7135,CUS-170629,EV,Partial,8.0,3.97,North America,Y,Y,Y,Y,Y,Model-9833,N,Y,Category C,Type 2,REP-1948,14.94,46x38x16,Y,N,Y,1.41,Y,Y,Ullam at nisi alias et rerum. Corrupti perspiciatis laboriosam quis.,Mirella da Rosa,Y,N,12.0,Class A,Type B,3.0,5.0,Dept A,79.0,101.0,Y,2.0,Y,N,N,N,336.39,368.6,378.84,Fuga sequi voluptates quasi minima excepturi. Eaque neque doloribus saepe. Repellat aspernatur atque possimus tempora.,Similique officia corrupti porro enim amet officiis. Recusandae saepe incidunt eius. Officiis odit labore numquam corporis commodi et.,Area 3,https://picsum.photos/59/194,Type B,41x19x71,29.0,1.47,N,MAT-4242,N,N,Type 2,9.76,joao-vitor20@example.net,1.8,N,Sweden,Y,2024-07-03
BF032,Brake Fluid,LOC-9086,EA,A,Y,Allowed,Urgent,162.37,178.61,146.13,2.0,MAT-894163,Brake Fluid,MAN-6566,CUS-788928,EV,Full,6.0,1.1,Asia,N,N,N,N,N,Model-4185,N,N,Category B,Type 1,REP-7672,9.7,44x59x18,N,Y,Y,2.0,N,N,Nemo possimus iste a sequi nostrum vitae. Recusandae neque labore fugit.,Dante Silva,Y,N,76.0,Class C,Type A,9.0,1.0,Dept B,22.0,363.0,N,4.0,N,N,N,N,13.29,420.49,74.96,Pariatur molestiae accusantium ipsa nam. Accusamus repudiandae sapiente autem nesciunt nam officia.,Expedita placeat reprehenderit voluptatibus deleniti aspernatur porro. Pariatur quis facilis praesentium non atque. Dicta facere minus sit veniam magni. Et accusantium repellendus nihil expedita.,Area 3,https://picsum.photos/872/276,Type C,21x35x21,58.0,1.88,Y,MAT-5232,Y,Y,Type 1,4.49,flopes@example.org,1.01,Y,China,N,2024-02-21
PSF033,Power Steering Fluid (if applicable),LOC-5536,SET,A,Y,Restricted,Urgent,54.85,60.34,49.36,3.0,MAT-340853,Power Steering Fluid (if applicable),MAN-4602,CUS-937860,Sedan,Partial,4.0,5.08,North America,N,N,N,Y,Y,Model-6540,Y,Y,Category B,Type 1,REP-3010,3.25,32x39x98,N,N,N,0.49,N,Y,Deserunt odio corrupti. Fugiat voluptates dolorum explicabo repudiandae.,Francisco da Rocha,N,N,38.0,Class C,Type C,2.0,21.0,Dept A,9.0,480.0,N,4.0,N,N,Y,Y,392.29,455.01,214.34,"Illo animi ad minus facere impedit cum.
Sed laboriosam modi veniam reprehenderit esse ab dicta. Repudiandae fugit recusandae ab.","Non unde veniam. Quibusdam impedit ullam nobis.
Unde alias ab a vel cumque. Distinctio incidunt iste error. Sunt numquam voluptates vitae neque nobis. Ut autem unde necessitatibus et.",Area 2,https://placekitten.com/393/875,Type B,70x59x35,56.0,0.89,N,MAT-7644,Y,N,Type 2,10.22,nascimentoalicia@example.com,1.23,N,Sweden,N,2024-01-27
CAF034,Cabin Air Filter,LOC-3011,SET,C,N,Restricted,Urgent,54.82,60.3,49.34,1.0,MAT-365416,Cabin Air Filter,MAN-7737,CUS-254409,SUV,Partial,7.0,5.69,Europe,N,N,N,N,N,Model-5102,Y,Y,Category C,Type 1,REP-8620,18.0,77x86x53,N,Y,N,0.79,Y,N,Quidem beatae non voluptatibus ad. Velit veritatis vel assumenda voluptatum. Eaque vero fugit.,Enzo Gabriel Castro,Y,N,84.0,Class A,Type C,7.0,19.0,Dept A,62.0,312.0,N,1.0,N,N,N,Y,162.77,186.48,237.43,"Quisquam sunt unde quaerat hic ea quo. Placeat fugiat hic eligendi odio aut. Aut maxime laborum hic.
Ea impedit aperiam. Perspiciatis nihil harum magnam saepe.",Eveniet delectus quo occaecati. Provident debitis praesentium soluta exercitationem aspernatur earum earum. Cumque nihil dolorum illum dicta ut dicta.,Area 2,https://placekitten.com/535/1007,Type C,92x74x38,48.0,0.9,Y,MAT-8669,Y,N,Type 2,11.69,bduarte@example.com,0.7,Y,Sweden,N,2024-04-24
FB035,Fuse Box,LOC-2889,PCS,B,N,Allowed,Urgent,268.19,295.01,241.37,1.0,MAT-650752,Fuse Box,MAN-3944,CUS-380749,Sedan,Full,2.0,3.26,Asia,Y,Y,N,N,Y,Model-4084,N,Y,Category B,Type 1,REP-9785,16.42,73x44x81,Y,Y,N,0.79,N,N,Deserunt assumenda officia. Labore suscipit laudantium cumque dignissimos porro laborum earum.,Srta. Ana Lívia da Luz,Y,Y,94.0,Class C,Type B,3.0,27.0,Dept A,75.0,85.0,N,4.0,Y,N,Y,N,237.78,453.19,13.05,"Reprehenderit quisquam eius consequatur. Explicabo expedita alias necessitatibus cumque.
Nemo quod voluptatem pariatur reiciendis dolorem amet. Quos ad dolores culpa officiis odit.",Reiciendis eligendi exercitationem soluta. Aliquam maxime temporibus a.,Area 3,https://picsum.photos/424/880,Type C,69x67x93,6.0,1.75,Y,MAT-2179,Y,Y,Type 3,3.13,maria-vitoria49@example.com,1.27,N,China,Y,2024-06-12
AB036,12V Auxiliary Battery,LOC-3387,EA,C,Y,Allowed,Standard,149.53,164.48,134.58,1.0,MAT-190771,12V Auxiliary Battery,MAN-7567,CUS-899354,EV,Partial,8.0,4.55,Europe,N,N,Y,Y,N,Model-6976,Y,N,Category A,Type 3,REP-3423,17.59,59x75x80,N,N,Y,0.57,Y,Y,Praesentium quo ullam aspernatur. Ducimus dolorem in similique tempore.,José Pedro Macedo,N,Y,57.0,Class B,Type B,5.0,25.0,Dept B,12.0,129.0,N,4.0,Y,Y,Y,Y,382.5,288.21,327.54,"Eligendi fuga reiciendis reiciendis deleniti blanditiis neque. Blanditiis ipsam vel fugit provident veniam.
Eos beatae asperiores ipsam cum. Rem adipisci qui totam. Sunt sequi nisi soluta.","Cum amet voluptatum sapiente. Odio totam provident quod voluptatibus.
Harum ducimus sit voluptas quo. Libero repudiandae cumque dolores totam quae. Eligendi doloremque id.",Area 3,https://picsum.photos/1008/996,Type A,78x63x76,22.0,0.2,Y,MAT-2574,N,Y,Type 3,0.23,enzo-gabrielda-luz@example.net,0.87,Y,Germany,Y,2024-06-07
